﻿CODFORNEC,FORNECEDOR,CGC
28,18.306.187 GIANNY KARLA ARAUJO DE MELO               ,18.306.187/0001-11
29,247 COMERCIO LTDA                                    ,00.191.498/0003-89
30,2G COMERCIO DE UTILIDADES EIRELI ME                  ,13.154.722/0001-42
31,39.316.785 INGRID BRAGA CADENA                       ,39.316.785/0001-41
32,40.040.755 VENUZIA MAXIMO SOARES                     ,40.040.755/0001-34
33,43.220.568 TERCIO ESTEVAM ALVES                      ,43.220.568/0001-20
34,44.595.929 FRANCISCA JOELENE GOES DOS SANTOS         ,44.595.929/0001-86
35,47.285.483 ANTONIO JOSE COSTA CIPRIANO               ,47.285.483/0001-81
36,51.875.197 ELYJANE FERREIRA COUTINHO                 ,51.875.197/0001-43
37,55.648.397 CARMELO DE MEDEIROS BARRETO               ,55.648.397/0001-14
38,58.172.341 WALKER SILVERIO MARQUES CUSTODIO ALVES    ,58.172.341/0001-24
39,58.978.575 JONAS SANTOS LIMA                         ,58.978.575/0001-63
40,A CRIATIVA COM. E SERV. GRAFICOS LTDA-ME             ,08.246.628/0001-83
41,A. A. BEZERRA SERVICOS AUTOMOTIVOS                   ,10.808.484/0001-53
42,A. B. VILELA SILVA                                   ,04.707.711/0002-32
43,ABASTECA COMERCIO DE COMBUSTIVEIS LTDA               ,07.211.715/0001-32
44,ABN COM DE CARNES NOBRES                             ,10.365.639/0001-24
45,ABRACOMEX ASSOC BRAS CONSULTOR                       ,10.511.904/0001-35
46,ABRIL COMUNICAÇÕES S/A                               ,44.597.052/0001-62
47,ACESSORAUTOS PECAS E SERVICOS LTDA                   ,41.250.150/0001-30
48,ACKIT INDUSTRIA E COMERCIO LTDA ME                   ,04.894.298/0001-81
49,ACO CEARENSE INDUSTRIAL LTDA                         ,00.990.842/0001-38
50,ADERSON MACEDO DUARTE NETTO LTDA                     ,35.156.689/0001-22
51,ADITEX INDUSTRIA E COMERCIO DE ADITIVOS QUIMICOS L   ,06.149.282/0002-50
52,ADOLFO F SOUSA E SILVA                               ,48.902.311/0001-72
53,AF PRINT VESTUARIO LTDA                              ,39.397.383/0001-19
54,AG EQUIPAMENTOS AUTOMOTIVOS                          ,17.556.220/0001-07
55,AGEMAR LOCACAO E COMERCIALIZACAO DE CONTEINERES LT   ,15.023.850/0001-82
56,AGENCIA NACIONAL DE TRANSPORTES TERRESTRES- ANTT     ,04.898.488/0001-77
57,AGILITY DO BRASIL LOGISTICA INTERNACIONAL S.A        ,57.067.928/0010-00
58,AGUIAR INDUSTRIA E COMERCIO DE ACO LTDA              ,37.170.760/0002-38
59,AKAD SEGUROS S.A.                                    ,14.868.712/0001-31
60,AL IMPORTACAO E EXPORTACAO EIRELI EPP - EPP          ,08.583.993/0001-83
61,ALBUQUERQUE PNEUS LTDA                               ,11.117.785/0010-94
62,ALE PESSOA LTDA                                      ,49.770.608/0001-94
63,ALELO ALIMENTAÇÃO                                    ,04.740.876/0001-25
64,ALEX PINHEIRO DO NASCIMENTO                          ,27.806.670/0001-56
65,ALEXSANDRO DA SILVA OLIVEIRA 03374121462             ,20.545.238/0001-00
66,ALIANCA CLIMATIZACAO E REFRIGERACAO LTDA             ,58.064.152/0001-38
67,ALIANCA FACTORING FOMENTO COMERCIAL LTDA             ,00.622.740/0001-60
68,ALINE ROSA SOBRINHO                                  ,26.355.440/0001-55
69,ALLIANZ SEGUROS                                      ,61.573.796/0001-66
70,ALTERDATA COM.E DISTRIB.DE SIST.E PROD.DE INF.LTDA   ,03.282.458/0001-79
71,ALUMFER ALUMINIOS FERRAGENS                          ,06.280.941/0001-02
72,ALUMIFER ALUMINIO E FERRO LTDA                       ,05.515.224/0011-21
73,ALUMIFONT DIST DE PERFIS EM ALUM E ACESSORIOS LTDA   ,13.878.545/0003-09
74,ALUMIFONT DISTRIBUIDORA DE PERFIS EM ALUMINIO E AC   ,13.878.545/0001-47
75,ALUMIFONT IMPORTADORA LTDA EPP                       ,20.111.660/0001-57
76,AMERICA COMBUSTIVEIS LTDA                            ,41.246.125/0001-83
77,AMIL ASSISTENCIA MEDICA INTERNACIONAL S.A.           ,29.309.127/0001-79
78,ANA CARLA LINS ASSIS DE ANDRADE 07831203460          ,37.807.730/0001-09
79,ANA CLARA BARBOSA TRINDADE 65360834587               ,11.897.447/0001-21
80,ANA LUCIA DA CRUZ                                    ,21.133.067/0001-74
81,ANA LUCIA MARCONE DE SOUSA                           ,15.531.966/0001-22
82,ANA RAQUEL DE SOUZA 98575147587                      ,19.028.032/0001-23
83,ANDERSON DIEGO S MESQUITA ME                         ,10.188.667/0001-13
84,ANDRADE E CABRAL SERVICOS DE ALIMENTACAO LTDA        ,49.969.098/0001-89
85,APM TERMINALS PECEM OPERAÇÕES                        ,05.388.226/0001-25
86,ARGENTINO PEDRO DA SILVA                             ,35.387.752/0001-31
87,ARLINDO FONSECA LINS & CIA LTDA                      ,11.601.184/0002-42
88,ASIA SHIPPING TRANSPORTES INTERNACIONAIS LTDA        ,01.137.526/0001-80
89,ASLL - AIRSEA LAND ASSESSORIA E LOGISTICA LTDA       ,13.119.811/0002-39
90,ASSOCIACAO DOS REGISTRADORES DAS PESSOAS NATURAIS    ,00.679.163/0001-42
91,ASTERPLAS EMBALAGENS VARIEDADES ELETRONICONS LTDA    ,22.488.402/0001-10
92,ATIVA CONTABIL E PROCESSAMENTO DE DADOS LTDA EPP     ,12.033.432/0001-88
93,ATLANTICO CABO BRANCO HOTELARIA LTDA                 ,14.712.060/0001-41
94,ATLANTICO TERMINAIS S/A                              ,04.538.449/0001-69
95,AUDIOLAR MOVEIS E ELETROS LTDA                       ,11.828.573/0001-24
96,AUTO ASSESSORIA EM TRANSPORTES LTDA                  ,05.107.228/0001-07
97,AUTO ELETRICA DEMIR LTDA                             ,12.260.723/0001-09
98,AUTO MOLAS PERNAMBUCANA LTDA - ME                    ,41.142.258/0001-00
99,AUTO MOLAS PROGRESSO IND E COMERCIO LTDA - ME        ,09.634.830/0001-45
100,AUTO PECAS BOM JESUS LTDA                            ,70.093.695/0001-89
101,AUTO PECAS MANO E OFICINA LTDA                       ,01.922.166/0001-28
102,AUTO POSTO CHAPADAO DE ATIBAIA LTDA                  ,03.925.902/0001-27
103,AUTO POSTO DE COMBUSTIVEIS CAAPORA LTDA              ,34.843.309/0001-65
104,AUTO POSTO DE COMBUSTIVEIS RIBEIRAO LTDA             ,43.214.009/0001-08
105,AUTO POSTO INTERMARES LTDA                           ,41.198.466/0001-20
106,AUTO POSTO LORENA VAZ LTDA                           ,10.441.477/0001-66
107,AUTO POSTO PIONEIRO LTDA                             ,05.101.388/0001-30
108,AUTO POSTO RAINHA LTDA                               ,27.930.698/0001-09
109,AUTO POSTO RONALDAO LTDA                             ,05.747.008/0001-30
110,AUTO VIACAO CRUZEIRO LIMITADA                        ,10.791.861/0001-99
111,AUTO VIDROS PEIXOTO LTDA                             ,29.203.140/0003-00
112,AUTOELETRICA EDVALDO EIRELI                          ,13.676.547/0001-53
113,AUTOLINE VEICULOS LTDA                               ,70.203.799/0001-07
114,AUTOMOLAS ITAITUBA LTDA                              ,07.065.003/0001-52
115,AVANTETECH SISTEMAS E SOLUCOES DIGITAIS LTDA         ,31.950.627/0001-37
116,"AYMORE CREDITO, FINANCIAMENTO E INVESTIMENTO S.A.    ",07.707.650/0001-10
117,AZUL LINHAS AEREAS BRASILEIRAS S.A.                  ,09.296.295/0041-57
118,B & M ILUMINACAO LTDA                                ,02.343.049/0001-72
119,B&M LOGISTICA INTERNACIONAL LTDA                     ,07.720.307/0001-06
120,B3 SERVIÇOS DE SEGURANÇA ELETRONICA LTDA             ,12.351.475/0001-01
121,BANCO ABC DO BRASIL                                  ,28.195.667/0001-06
122,BANCO ARBI S/A                                       ,54.403.563/0001-50
123,BANCO BRADESCO                                       ,60.746.948/0001-12
124,BANCO DO BRASIL                                      ,00.000.000/4950-69
125,BANCO DO NORDESTE DO BRASIL S.A.                     ,07.237.373/0001-20
126,BANCO HONDA S/A.                                     ,03.634.220/0001-65
127,BANCO INTER S.A.                                     ,00.416.968/0001-01
128,BANCO ITAU                                           ,60.701.190/0001-04
129,BANCO NACIONAL DESENVOLVIMENTO ECONOMICO E SOCIAL    ,33.657.248/0001-89
130,BANCO SAFRA                                          ,58.160.789/0001-28
131,BANCO SANTANDER (BRASIL) SA                          ,90.400.888/1220-94
132,BCF COMISSIONARIA ADUANEIRA E SERV. E SERVIÇOS DE    ,08.057.359/0001-07
133,BENEDITO VICENTE DA SILVA COMERCIO DE VESTUARIO      ,23.772.030/0001-11
134,BESSA BEACH HOTEL E SERVIÇOS LTDA ME                 ,17.882.347/0001-08
135,BEZERRA CAVALCANTI COMERCIO LTDA                     ,10.480.238/0001-15
136,BFC FUNDO DE INVESTIMENTO EM DIREITOS CREDITORIOS    ,11.507.489/0001-09
137,BIANCA DOS SANTOS TOLEDO 11289254435                 ,42.951.374/0001-32
138,BMA LOCAÇÕES LTDA - EPP                              ,10.635.169/0001-71
139,CEVA AIR & OCEAN BRAZIL LTDA,46.355.806/0003-65
140,BOMPRECO SUPERMERCADOS DO NORDESTE LTDA              ,13.004.510/0253-35
141,BOQUEIRAO COMERCIAL DE COMBUSTIVEIS DOMINGOS LTDA    ,45.182.083/0001-15
142,BOX FLEX EIRELI                                      ,14.374.336/0001-29
143,BRACOL - BRAGA REVESTIMENTOS LTDA                    ,15.163.935/0001-66
144,BRADESCO AUTO/RE COMPANHIA DE SEGUROS                ,92.682.038/0001-00
145,BRADESCO SAUDE                                       ,92.693.118/0001-60
146,BRASIL CARRETAS COMERCIO DE PECAS LTDA               ,09.203.706/0001-25
147,BRASIL DISTRIBUIDORA DE PECAS LTDA                   ,47.005.466/0001-43
148,BRISANET SERVICOS DE TELECOMUNICACOES S.A.           ,04.601.397/0001-28
149,BROKER COMEX ASSESSORIA EM COMERCIO EXTERIOR LTDA    ,19.201.159/0001-00
150,BSB - COMERCIO DE COMBUSTIVEIS LTDA                  ,20.973.964/0001-23
151,BTF OUTSOURCING S/S LTDA                             ,08.486.234/0001-00
152,BUONNY PROJETOS E SERVIÇOS DE RISCOS SEC.LTDA        ,06.326.025/0001-66
153,BUSHATSKY & VASCONCELOS ADVOGADOS                    ,35.774.799/0001-58
154,C . S ENGENHARIA DE SOFTWARE LTDA                    ,91.808.741/0001-59
155,C F DA SILVA COMERCIO E SERVICOS DE PECAS            ,34.527.661/0001-91
156,C. CARNEIRO ALVES - ME                               ,04.599.602/0001-68
157,CABEDELO CARTORIO DE PROT E REG DE TITULOS E DOCUM   ,09.221.375/0001-56
158,CADIESEL COM. DE SERVIÇOS LTDA                       ,18.909.993/0001-84
159,CAGEPA-COMPANHIA DE AGUA E ESGOTOS DA PARAIBA        ,09.123.654/0001-87
160,CAIXA CARTOES PRE-PAGOS S.A.                         ,39.459.331/0006-34
161,CAIXA ECONOMICA FEDERAL                              ,00.360.305/0036-34
162,CAMACARI CABOS DISTRIBUIDORA DE MATERIAIS ELETRICO   ,38.504.870/0001-70
163,CAMPINA COMERCIO DE COMBUSTIVEL PLANALTO LTDA        ,32.524.816/0001-00
164,CAMPOS AMORA ASSESSOCIA ADUANEIRA LTDA               ,00.496.671/0001-95
165,CANNELLE RESTAURANTE E CONVENIENCIA LTDA             ,08.433.548/0001-37
166,CAPITAL DISTRIBUIDORA DE VEICULOS LTDA               ,01.602.072/0001-71
167,CAPITAL FACTORING FOMENTO COMERCIAL LTDA             ,24.435.075/0003-25
168,CARAJAS MATERIAL DE CONSTRUCAO LTDA                  ,03.656.804/0015-37
169,CARGOFAST LOGISTICS DO BRASIL LTDA.                  ,10.268.203/0001-17
170,CARLOS MACENA DOS SANTOS                             ,18.531.041/0001-70
171,CARMELO DE MEDEIROS BARRETO 76084191487              ,11.912.460/0001-02
172,CARNEIRO AUTOMOTORES LTDA                            ,04.093.214/0001-00
173,CAROLINA LUCENA SOARES                               ,06.054.314/0001-53
174,CARREFOUR COMERCIO E INDUSTRIA LTDA                  ,45.543.915/0300-99
175,CARTAO DE COMPRA SUPPLIER FUNDO DE INVESTIMENTO EM   ,08.692.888/0001-82
176,CARTORIO 2º OFICIO DE BRASILIA DE NOTAS E PROTESTO   ,00.618.421/0001-80
177,CARTORIO 3 OFICIO DE NOTAS E 1 RTDPJ DE FORTALEZA-   ,50.813.003/0001-12
178,CARTÓRIO GARIBALDI 9º OFICIO DE NOTAS                ,09.357.864/0001-30
179,CARTORIZE SERVICOS DIGITAIS LTDA                     ,47.680.808/0001-20
180,CARVALHO FILHO RENOVADORA DE PNEUS EIRELI            ,14.999.582/0001-76
181,CASA CHANG LTDA                                      ,04.721.208/0001-50
182,CASA DO BONE E FARDAMENTOS LTDA                      ,10.705.762/0001-47
183,CASA PRATICA COMERCIO LTDA                           ,30.791.904/0001-43
184,CASAS BANDEIRANTES LTDA                              ,08.747.503/0001-37
185,CASTANHA COMERCIO AUTOELETRICA EIRELI                ,28.419.263/0001-59
186,CELTA CONTEINERES S.A                                ,11.534.008/0001-54
187,"CEPLAS INDUSTRIAL, IMPORTACAO & EXPORTACAO EIRELI    ",27.050.430/0001-74
188,CERTISIGN CERTIFICADORA DIGITAL SA                   ,01.554.285/0001-75
189,CIPA FIERA MILANO PUBLICAÇOES E EVENTOS              ,12.591.077/0001-62
190,CIRNE PNEUS COMERCIO E SERVIÇOS LTDA                 ,35.304.542/0007-28
191,CLARO S.A                                            ,40.432.544/0064-20
192,CLARO SA                                             ,40.432.544/0001-47
193,CLEIDE MARINHO PECAS E SERVICOS LTDA                 ,08.152.459/0001-12
194,CLICK DO CONSTRUTOR LTDA - EPP                       ,27.014.379/0001-45
195,CM CARGO SERVICO DE TRANSPORTE LTDA                  ,27.456.668/0001-02
196,COMERCIAL DE COMBUSTIVEIS COSTINHA LTDA              ,18.431.018/0001-03
197,COMERCIAL DE COMBUSTIVEIS EXPRESSO LTDA.             ,22.013.298/0001-07
198,COMERCIAL DE COMBUSTIVEIS SUBAE LTDA                 ,25.264.590/0001-90
199,COMERCIAL DE COMBUSTIVEL BR II LTDA                  ,55.836.313/0001-76
200,COMERCIAL DE PANIFICAÇÃO CARLOS LTDA ME              ,13.866.767/0001-40
201,COMERCIO DE MAQUINAS AGRICOLAS LTDA                  ,09.093.659/0001-04
202,COMPANHIA BRASILEIRA DE SOLUCOES E SERVICOS          ,04.740.876/0001-25
203,COMPANHIA DE ÁGUA E ESGOTO DO CEARÁ                  ,07.040.108/0001-57
204,COMPANHIA DE DESENVOLVIMENTO DO COMPLEXO INDUSTRIA   ,01.256.678/0001-00
205,COMPANHIA DE ELETRICIDADE DO ESTADO DA BAHIA COELB   ,15.139.629/0001-94
206,COMPANHIA ENERGETICA DE PERNAMBUCO                   ,10.835.932/0001-08
207,COMPANHIA ENERGETICA DO CEARA                        ,07.047.251/0001-70
208,COMPANHIA PERNAMBUCANA DE SANEAMENTO                 ,09.769.035/0001-64
209,CONDOMINIO EMPRESARIAL DUO CORPORATE TOWERS          ,37.035.269/0001-13
210,CONDOMINIO PRIVE PRAIA DOS CARNEIROS                 ,08.928.889/0001-83
211,CONEMAR S.A.                                         ,15.069.069/0001-49
212,CONNTAR CONSULTORIA CONTABIL E FISCAL LTDA           ,04.170.922/0001-06
213,CONSELHO DE ARQUITETURA E URBANISMO DA PARAIBA - C   ,14.918.711/0001-54
214,CONSELHO REGIONAL DE ENGENHARIA E AGRONOMIA DA PB    ,08.667.024/0001-00
215,CONTART SERVICOS DE CONTABILIDADE S/S LTDA           ,07.788.616/0001-18
216,"COOPERATIVA DE CREDITO DOS MEDICOS, PROFISSIONAIS    ",36.900.256/0001-00
217,CORAR EMBALAGENS EIRELI                              ,24.614.763/0001-90
218,COSME COMBUSTIVEIS LTDA                              ,18.570.822/0001-73
219,COSTA LESTE EMPREENDIMENTOS IMOBILIÁRIOS             ,13.037.815/0001-97
220,CRBSA REPRESENTACOES LTDA                            ,49.946.188/0001-54
221,CRISTAL COM. DE PRODUTOS QUIMICOS LTDA               ,09.033.742/0001-98
222,CTZ PAGAMENTOS E SERVIÇOS ONLINE LTDA                ,35.977.598/0001-58
223,CXA BUSINESS CONSULTORIA EM GESTAO EMPRESARIAL LTD   ,42.723.906/0001-84
224,CYBERWEB NETWORKS                                    ,05.305.671/0001-84
225,DACR SERVICOS DE GESTAO EMPRESARIAL LTDA             ,30.674.219/0001-37
226,DAFONTE RENOVADORA DE PNEUS LTDA                     ,03.876.012/0001-72
227,DANIEL SOUZA MELO - ME                               ,19.309.518/0001-30
228,DANIEL TRANSPORTES LTDA                              ,09.487.141/0001-55
229,DATA CLOUD SISTEMAS DE INFORMATICA LTDA              ,18.146.085/0001-86
230,DAVI GUEDES DE ANDRADE 07937459425                   ,21.938.799/0001-31
231,DC LOGISTICS BRASIL LTDA                             ,74.182.593/0001-90
232,DECARLITO SERVICO NOTARIAL.                          ,08.271.322/0001-87
233,DEPARTAMENTO ESTADUAL DE TRANSITO DA PARAIBA         ,09.188.376/0001-46
234,DEPARTAMENTO ESTADUAL DE TRANSITO DE PERNAMBUCO      ,09.753.781/0001-60
235,DFJ COMERCIO DE COMBUSTIVEIS LTDA                    ,30.582.737/0001-20
236,DHL EXPRESS (BRAZIL) LTDA                            ,58.890.252/0030-58
237,DHL EXPRESS (BRAZIL) LTDA                            ,58.890.252/0001-13
238,DICOPLAST DIST E COM DE PLASTICOS LTDA               ,10.739.860/0003-67
239,DIEGO MENDONCA DE SENA FALCAO OLIVEIRA SHOP MIDIA    ,45.434.468/0001-22
240,DIEGO NUNES DE ARAUJO 03421918457                    ,27.639.778/0001-00
241,DIGITAL RIVER DO BRASIL IMPORTACAO E COMERCIO DE P   ,08.165.429/0001-40
242,DIGITEC ELETRONICA LTDA                              ,12.067.926/0001-83
243,DIGI-TRON INSTRUMENTOS DE PESAGEM LTDA               ,01.970.368/0001-45
244,DIMEX DIST.IMP.E EXP.DE PROD.GERAL LTDA              ,00.431.274/0004-88
245,DIORGENES LOPES DA SILVA 08833234436                 ,36.721.859/0001-37
246,DISK AGUA LIGEIRINHO                                 ,25.334.536/0001-74
247,DKARIMBOS                                            ,19.568.459/0001-14
248,DOMINGOS COMERCIAL DE COMBUSTIVEIS PLANALTO LTDA     ,32.586.338/0001-63
249,DOMO IMOVEIS LTDA                                    ,40.328.384/0001-90
250,DOUGLAS GOMES OLIVEIRA 16962541759                   ,37.425.403/0001-92
251,DR LOG TRANSPORTE DE CARGAS LTDA                     ,39.230.601/0005-50
252,DUNAS AUTOMOVEIS LTDA                                ,05.925.760/0003-95
253,E. M. DE MOURA COMERCIAL - ME                        ,04.402.515/0001-79
254,EAG SERVICOS DE COBRANCAS EXTRAJUDICIAIS LTDA        ,22.554.466/0001-71
255,EASY SOLUTIONS LOGISTICA LTDA                        ,04.236.718/0001-32
256,EBANX LTDA                                           ,13.236.697/0001-46
257,ECT EMPR BRAS DE CORREIOS E TELEGRAVOS               ,34.028.316/5945-77
258,EDIVALDO DA S. SANTIAGO                              ,35.027.808/0001-47
259,EDNA DE ARAUJO PACHECO EIRELI                        ,17.433.873/0001-90
260,EDSMAX CONSTRUCOES LTDA                              ,20.892.960/0001-10
261,EIXOFORTE IMPLEMENTOS RODOVIARIOS LTDA               ,01.748.091/0001-00
262,ELAINE CRISTINA FIGUEIREDO DA SILVA                  ,24.552.672/0001-78
263,ELCEMY COMERCIO DE MADEIRAS LTDA - ME                ,02.693.749/0002-78
264,ELETRO FRIO CLIMATIZAÇÃO                             ,14.345.097/0001-89
265,ELIS REJANE VIEIRA                                   ,03.723.339/0001-04
266,ELIS REJANE VIEIRA LEITE FERNANDES                   ,03.723.339/0002-95
267,ELITE REPRESENTAÇÕES DE MAT. DE CONSTRUÇÃO           ,20.206.118/0001-88
268,ELIVAN ROSA SANTANA MADEIREIRA                       ,47.398.625/0001-17
269,ELLEN FIGUEIRA DANTAS 12834428417                    ,44.763.345/0001-72
270,EMANNUEL DYMAS CONSULTORIA LTDA                      ,33.455.451/0001-72
271,EMBRACON ADM.DE CONSORCIO LTDA                       ,58.113.812/0001-23
272,EMBRATEL EMPRESA BRASILEIRA DE TELECOMUNICAÇÕES      ,33.530.486/0001-29
273,EMERSON FERNANDO FERREIRA                            ,13.745.952/0001-86
274,EMIRAN D SANTOS & CIA LTDA - ME                      ,02.481.107/0001-24
275,EMIVE - PATRULHA 24 HORAS LTDA                       ,02.059.753/0001-06
276,EMP. BRAS. DE CORREIOS E TELEGRAFOS                  ,70.095.716/0001-03
277,EMP. BRAS. DE CORREIOS E TELEGRAFOS                  ,34.028.316/3692-98
278,EMPREENDIMENTOS PAGUE MENOS S/A                      ,06.626.253/0126-72
279,EMPRESA BRASILEIRA DE CORREIOS E TELEGRAFOS          ,34.028.316/4759-93
280,ENERGISA PARAIBA                                     ,09.095.183/0001-40
281,ENGELHART CTP (BRASIL) S.A.                          ,14.796.754/0001-04
282,EQUILIBRIO CONSTRUTORA LTDA                          ,09.481.170/0001-00
283,ERICK MACEDO ADVOCACIA                               ,06.174.228/0001-84
284,ERICK MACHADO DE CARVALHO                            ,19.337.200/0001-62
285,ESPAÇO VINILICO COMERCIO E SERVIÇOS DE PISOS E REV   ,22.445.672/0001-43
286,ESSENCIAL PAPELARIA LTDA - ME                        ,05.583.036/0001-69
287,ETRALL LOG TRANSPORTES E LOGISTICA LTDA              ,01.193.789/0001-07
288,EUNIX TREINAMENTOS LTDA                              ,58.449.159/0001-78
289,EURO X DIESEL COMERCIO DE PECAS E SERVICOS PARA VE   ,33.242.268/0001-99
290,EVO SERVICOS FINANCEIROS LTDA                        ,20.919.777/0001-61
291,EXACT APOIO ADMINISTRATIVO LTDA                      ,37.669.965/0001-81
292,EXB4 CONTABILIDADE LTDA                              ,18.485.247/0001-00
293,EXPURGA GUACU LTDA                                   ,05.117.786/0001-45
294,EXTINFLAME LTDA                                      ,40.047.747/0001-10
295,EZZE SEGUROS S.A.                                    ,31.534.848/0001-24
296,F CAVALCANTE EIRELI                                  ,08.248.411/0001-02
297,F F MONTEIRO LTDA                                    ,01.857.278/0001-42
298,F I DA COSTA FERNANDES                               ,33.801.115/0001-34
299,F MARTINS LIMA PNEUS                                 ,07.196.996/0001-00
300,F. LEANDRO RODRIGUES SOARES                          ,22.639.336/0001-31
301,F.J. SILVA LIMA-ME                                   ,02.399.968/0001-68
302,F.L. ZIMMERMANN - SERVICOS DE CONTROLE E ENTREGAS    ,18.835.956/0001-79
303,F.S. CASTRO                                          ,06.077.328/0001-92
304,FABIO ANGELO DE ALBUQUERQUE ME                       ,06.877.368/0001-19
305,FACCHINI S/A                                         ,03.509.978/0002-52
306,FAISCA COMISSARIA LTDA                               ,24.337.008/0001-06
307,FARMACIA RENASCER III                                ,15.261.632/0001-86
308,FC TRADING IMPORTADORA & EXPORTADORA LTDA            ,11.842.472/0002-99
309,FCA FIAT CHRYSLER AUTOMOVEIS BRASIL LTDA.            ,16.701.716/0036-86
310,FEDERACAO DOS EMP NO COM DE BENS E SERVICOS DO EST   ,15.243.686/0001-19
311,FEDEX - FEDERAL EXPRESS CORPORATION                  ,00.676.486/0001-82
312,FELIPE EMANUEL ARAUJO LOPES                          ,37.383.147/0001-18
313,FELIX HOTEIS LTDA                                    ,21.753.338/0001-94
314,FERGE PRODUTOS INDS LTDA                             ,09.057.961/0001-07
315,FERRAGENS SANT ANA COMERCIO DE FERROS E FERRAMENTA   ,69.919.371/0001-78
316,FERREIRA COSTA & CIA LTDA                            ,10.230.480/0024-27
317,FESTAS E DECORACOES LTDA                             ,29.934.105/0002-80
318,FIGUEIREDO DORNELAS SERVIÇO NOTORIAL E REGISTRAL     ,09.220.880/0001-86
319,FILIPESO BALANÇAS E MAQUINAS                         ,07.075.412/0001-30
320,FLEX BOX DO BRASIL CONTAINERS LTDA                   ,36.316.613/0001-80
321,FLEXFORM INDUSTRIA E COMERCIO DE MOVEIS LTDA         ,49.058.654/0001-65
322,FLEXPAG TECNOLOGIA E INSTITUICAO DE PAGAMENTO S.A.   ,04.870.413/0001-88
323,FORTALEZA CARTORIO DO QUINTO OFICIO DE NOTAS PROT    ,06.573.836/0001-61
324,FRANCISCO BRAZ DE SOUZA ME                           ,10.643.160/0001-02
325,FRANCISCO CESAR DA SILVA                             ,15.472.900/0001-09
326,FRANCISCO EDILAN DE SOUZA NOBRE LTDA                 ,11.520.211/0002-52
327,FREEDOM INDUSTRIA DE ESQUADRIAS E MANGUEIRAS DO NO   ,35.623.534/0001-59
328,FREEDOM2BUY.COM BRASIL S.A                           ,03.856.113/0001-81
329,FREGONAZZI SOCIEDADE DE ADVOGADOS                    ,24.633.572/0001-76
330,FRIGELAR COMERCIO E INDUSTRIA LTDA                   ,92.660.406/0001-19
331,FRONT SOLUCOES E SERVICOS LTDA                       ,43.683.486/0001-12
332,FRS PRESTACAO DE SERVICOS LTDA                       ,10.445.364/0001-39
333,FUNDO DE GARANTIA DO TEMPO DE SERVIÇO                ,00.360.305/0001-04
334,FUNDO DE INVEST. EM DIREITOS CREDITORIOS NEGOCIAL    ,12.764.483/0001-80
335,FUNDO ESPECIAL DE REAPARELHAMENTO E MODERNIZACAO D   ,18.335.922/0001-15
336,G M DA SILVA AUTO ELETRICA                           ,24.567.879/0001-16
337,G P DISTRIBUIDORA E IMPORTADORA DE PECAS PARA VEIC   ,10.815.551/0001-67
338,G. FERREIRA DA SILVA                                 ,10.617.792/0001-00
339,G3 TELECOMUNICACOES LTDA                             ,08.062.597/0001-00
340,GAC LOGISTICA DO BRASIL                              ,07.925.554/0002-20
341,GAMA DIESEL LTDA.                                    ,04.866.656/0001-42
342,GARAGEM PUB CAR WASH LTDA                            ,43.385.297/0001-63
343,GDR FILHOS LOCACAO E SERVICOS LTDA ME                ,12.926.419/0001-58
344,"GENESIS IMPORTS COM IMPORT, EXPORT E REPRES COMERC   ",19.714.516/0001-26
345,GILDA & JOAO LTDA                                    ,05.378.824/0002-02
346,GILMAR DE OLIVEIRA - SOCIEDADE INDIVIDUAL DE ADVOC   ,41.323.396/0001-95
347,GIRO JATO LTDA                                       ,09.120.208/0001-19
348,GIRO PAGAMENTOS E TECNOLOGIA LTDA                    ,23.041.219/0001-34
349,GLIMBERG MENDONCA DE ANDRADE SOUSA LTDA              ,18.152.974/0001-56
350,GLOBAL AR COMERCIO DE REFRIGERAÇÃO                   ,66.110.404/0011-18
351,GM COMERCIO DE PRODUTOS DE HIGIENIZACAO PROFISSION   ,11.287.886/0001-12
352,GM COMERCIO E IMPORTACAO LTDA                        ,07.827.111/0001-15
353,GO TRADE IMPORTAÇÃO E EXPORTAÇÃO LTDA                ,13.015.400/0001-12
354,GOGIPSY DO BRASIL TECNOLOGIA E VIAGENS LTDA          ,37.813.735/0001-44
355,GOTEMBURGO VEICULOS LTDA                             ,02.233.622/0012-48
356,GP CARGO AGENCIAMENTO DE CARGAS                      ,10.614.729/0001-01
357,GRAFICA E EDITORA LICEU EIRELI                       ,24.084.386/0001-25
358,GRAFICA JB LTDA                                      ,08.540.403/0001-35
359,GRANFER IMPORT E DIST.DE FERRAGENS LTDA              ,11.358.671/0001-45
360,GRANIMAR COMERCIO E SERVICOS EM GRANITOS E MARMORE   ,43.942.248/0001-84
361,GRANITUS MARMORES E GRANITOS LTDA                    ,05.416.054/0001-56
362,GREEN EUCALYPT PROPOLIS LTDA                         ,03.949.595/0001-14
363,GRUPO NELSON BATERIAS LTDA                           ,07.826.994/0001-49
364,GUIA DA PREVIDENCIA SOCIAL GPS                       ,16.727.230/0001-97
365,GUSTAVO C BARBOSA COMERCIO DE MADEIRAS LTDA          ,16.367.819/0004-74
366,GUSTAVO DE OLIVEIRA MUNIZ                            ,09.813.295/0001-90
367,HALT RESTAURANTE LTDA                                ,35.932.095/0001-66
368,HAMBURG SUD BRASIL LTDA                              ,60.867.520/0001-28
369,HAND LINE TRANSPORTES INTERNACIONAIS LTDA            ,04.845.112/0001-02
370,HDF PETROLEO LTDA                                    ,28.273.599/0001-56
371,HELDER SANTOS VAZ DE FIGUEIREDO                      ,04.730.158/0001-78
372,HILRAKSON DA SILVA BRAZ ME                           ,00.585.421/0001-21
373,HIPERFERRO COMERCIAL DE ACOS LTDA                    ,07.278.138/0001-04
374,HMWAY LOGISTICS COM EXTERIOR LTDA EPP                ,06.272.856/0001-00
375,HR FACTORING FOMENTO MERCANTIL E LTDA - MR           ,07.527.999/0001-70
376,HS TRANSMISSAO COMERCIO E SERVICOS AUTOMOTIVOS LTD   ,14.856.443/0001-93
377,HS VIAGENS EMPRESA DE TURISMO                        ,14.051.039/0001-42
378,HUGO CARVALHO SANTOS                                 ,22.246.469/0001-48
379,I GONCALVES DE JESUS                                 ,35.250.531/0001-17
380,I. BOMFIM MANUTENCAO E REFRIGERACAO LTDA             ,60.332.950/0001-45
381,I. G. DA SILVA BRAZ                                  ,51.870.059/0001-71
382,IBRAP INDUSTRIA BRASILEIRA DE ALUMINIO E PLASTICOS   ,00.130.132/0001-38
383,ICROPOL IND.E COM.DE ROUPAS PROFISSIONAIS LTDA - E   ,09.753.062/0001-49
384,IDSET SERVIÇOS E CONSTRUÇÕES EIRELI                  ,31.332.593/0001-17
385,IFOOD.COM AGENCIA DE RESTAURANTES ONLINE S.A.        ,14.380.200/0001-21
386,IGO LORDAO ROCHA EIRELI                              ,21.924.047/0001-11
387,IMBIRIBEIRA DIESEL COMERCIO LTDA                     ,10.582.062/0001-02
388,INCOMEL - INDUSTRIA DE MOVEIS LTDA                   ,08.706.350/0001-80
389,INDUSTRIA DE ARTEFATOS DE CIMENTO                    ,15.170.465/0001-68
390,INFORMAQ COM REC DE SERV DE INFOR LTDA               ,05.080.834/0001-78
391,INFRA TECNOLOGIA E SISTEMA DE SEGURANÇA              ,19.271.092/0001-72
392,INGA AGROPECUARIA LTDA                               ,06.871.949/0001-43
393,INORPEL - INDUSTRIA NORDESTINA DE PROD.ELET.LTDA     ,08.720.054/0001-33
394,INOVA DISTRIBUIDORA DE SUPERFICIES LTDA              ,57.026.078/0001-00
395,INSPECAO VEICULAR IBRA ITV LTDA                      ,43.293.864/0001-51
396,INSTITUTO BRAS DO MEIO AMBIEN E DOS REC NAT RENOV    ,03.659.166/0007-06
397,INSTITUTO NACIONAL DA PROPRIEDADE INDUSTRIAL         ,42.521.088/0001-37
398,"INSTITUTO NACIONAL DE METROLOGIA, QUALIDADE E TECN   ",00.662.270/0003-20
399,INTRADING GLOBAL LTDA - ME                           ,24.520.612/0001-73
400,INVESTGAS LOCACAO E INVESTIMENTO LIMITADA            ,07.617.461/0002-38
401,INVESTGAS LOCACAO E INVESTIMENTO LIMITADA            ,07.617.461/0003-19
402,ITAPAGIPE COMERCIO DE COMBUSTIVEIS LTDA              ,26.220.463/0001-52
403,ITAU SEGURO DE AUTO RESIDENCIA S.A                   ,08.816.067/0001-00
404,ITAUPEÇAS ITAMAR COM DE AUTOPEÇAS LTDA               ,41.152.521/0001-41
405,J COSTA SERVICOS E COMERCIO DE PECAS LTDA            ,27.135.315/0001-00
406,J CRISTOVAO DE SOUZA AQUINO LTDA                     ,22.691.278/0001-95
407,J M ANDRADE MELO                                     ,03.397.091/0001-39
408,J M DIESEL - COMERCIO DE PECAS E SERVICOS LTDA       ,05.104.151/0001-03
409,J. P. DA SILVA AUTOPECAS LTDA                        ,41.136.771/0001-98
410,J.M. GURGE EIRELI                                    ,09.556.239/0001-17
411,JABOATAO CARTORIO DO 1 OFICIO                        ,11.513.884/0001-02
412,JACARÉ INDUSTRIAL PORSTAS COM LTDA                   ,01.948.714/0001-99
413,JAGUARIBE CAMINHOES LTDA                             ,02.872.599/0001-89
414,JAIME T.MOURA                                        ,09.352.634/0002-69
415,JAKSON SANTOS LIMA 83677879515                       ,12.145.288/0001-71
416,JANINA RIBEIRO VICTOR ME                             ,08.337.840/0001-56
417,JCA - MADEREIRA MARINHO LTDA                         ,41.142.118/0001-31
418,JEAN LUIS RODRIGUES VIEIRA 56793456415               ,11.672.985/0001-18
419,JMA COM DE MATS ELETRICOS E FERRAGENS LTDA           ,06.267.222/0001-51
420,JOAO MARTINHO DA SILVA                               ,29.844.257/0001-01
421,JOAO PESSOA CARTORIO 8 OFICIO DE NOTAS               ,08.271.314/0001-30
422,JOAO PESSOA TRIBUNAL DE JUSTICA DO ESTADO DA PARAI   ,09.283.185/0003-25
423,JOAO PESSOA TRIBUNAL DE JUSTICA DO ESTADO DA PB      ,09.283.185/0001-63
424,JOSE AUGUSTO REPRESENTAÇÕES E SERVIÇOS LTDA          ,04.092.992/0001-85
425,JOSE CARLOS DE SOUZA MUNIZ ME                        ,08.215.468/0001-05
426,JOSE CARLOS FERREIRA PASSOS                          ,35.580.760/0001-08
427,JOSE EUSTAQUIO DE OLIVEIRA                           ,09.206.913/0001-33
428,JOSE LUIZ DA SILVA                                   ,21.756.247/0001-02
429,JOSE MORAIS DA SILVA JUNIOR                          ,24.133.087/0001-33
430,JOSE UELSON VITAL DE ALMEIDA                         ,03.115.224/0001-37
431,JP DISTRIB ATACADISTA DE VIDROS ALUM E FERR          ,13.499.354/0001-74
432,JPA PRESTADORA DE SERVIÇOS EIRELI EPP                ,07.369.073/0001-02
433,JPR REFRIGERAÇÃO LTDA                                ,11.791.024/0001-22
434,JS DISTRIBUIDORA DE PEÇAS S/A- CE                    ,04.185.877/0008-21
435,JS DISTRIBUIDORA DE PECAS S/A PB                     ,04.185.877/0011-27
436,JSL S/A IPOJUCA SUAPE                                ,52.548.435/0127-70
437,JUCELIO CANDIDO SUCUPIRA -ME                         ,35.506.567/0002-08
438,JUNTA COMERCIAL DE PERNAMBUCO                        ,10.054.583/0001-97
439,JUNTA COMERCIAL DO ESTADO DA PARAIBA                 ,10.054.583/0001-97
440,KARLA FORTUNATO DOS SANTOS ME                        ,12.497.003/0001-61
441,KM PNEUS COMERCIO E SERVICOS LTDA                    ,43.054.791/0001-45
442,KMOURA ASSESSORIA & CONSULTORIA EMPRESARIAL LTDA     ,42.286.933/0001-37
443,KROPNEUS PECAS E PNEUS LTDA                          ,70.055.728/0001-04
444,L & P COM. E INDUSTRIA DE FRUTAS LTDA                ,10.267.323/0001-08
445,L & P COMERCIO E IND DE FRUTAS LTDA                  ,10.267.323/0001-08
446,L G Z CONFECCOES E SERVICOS EM ROUPAS LTDA           ,24.794.707/0001-85
447,L. C. DE MELO ME                                     ,27.819.369/0001-87
448,L.A. FALCAO BAUER CENTRO TECNOLOGICO DE CONTROLE D   ,53.020.152/0001-12
449,LACERDA COMERCIO E SERVICOS LTDA                     ,33.014.304/0001-67
450,LANDY IND E COM DE PLASTICOS E FER LTDA- ME          ,08.394.040/0001-77
451,LARISSA OLIVEIRA MENDES                              ,39.306.834/0001-65
452,LCL CONSULTORIA E GESTÃO CONTABIL LTDA ME            ,22.329.390/0001-80
453,LDB LOGISTICA E TRANSPORTES                          ,16.906.199/0001-51
454,LDB TRANSPORTES DE CARGAS LTDA                       ,09.411.448/0011-44
455,LIBERTY SEGUROS S/A                                  ,61.550.141/0001-72
456,LIMA COMERCIAL DE COMBUSTIVEIS LTDA                  ,69.418.101/0001-83
457,LIMA COMERCIAL DE COMBUSTIVEIS LTDA                  ,69.418.101/0002-64
458,LITTORAL ADMINISTRACAO EMPREENDIMENTOS LTDA          ,03.500.110/0004-53
459,LL ALUMINIOS E FERRAGENS LTDA - ME                   ,27.849.158/0001-97
460,LOCALFRIO S.A. ARMAZENS GERAIS FRIGORIFICOS.         ,58.317.751/0001-16
461,LOGCOMEX LTDA.                                       ,13.475.043/0001-75
462,LOJA DOS PARAFUSOS LTDA                              ,09.137.613/0001-40
463,LOJÃO DUFERRO LTDA                                   ,02.019.761/0001-10
464,LUCAS MORAIS DO VALE ME                              ,07.925.726/0001-84
465,LUCCA ABREU MIRANDA                                  ,28.304.833/0001-65
466,LUCIANO OLIVEIRA DA SILVA 01056568445                ,47.188.102/0001-46
467,LUIS GUSTAVO COETTI 45430222895                      ,38.293.716/0001-05
468,LUISA CARLEUSA LIMA DUARTE                           ,21.733.874/0001-28
469,LUIZ SOARES DE MOURA 73948985391                     ,46.289.085/0001-70
470,M & T NEGOCIOS IMOBILIARIOS                          ,06.814.789/0001-09
471,M C COMBUSTIVEL E DERIVADOS DO PETROLEO LTDA         ,08.823.040/0001-45
472,M GOIS PEREIRA LTDA                                  ,24.472.159/0001-77
473,M J DE LIMA BATERIAS                                 ,16.763.020/0001-54
474,M.A.B. TEIXEIRA EIRELI                               ,33.891.498/0001-89
475,M.D COMERCIO DE COMBUSTIVEL PLANALTO LTDA            ,28.868.323/0001-10
476,MACIO JOSE DA SILVA SOUTO                            ,13.993.327/0001-53
477,MADECON - MADEIRAS PARA CONSTRUÇÃO LTDA - ME         ,11.869.610/0001-42
478,MADEIREIRA JOAO PAULO II LTDA                        ,31.972.530/0001-25
479,MADEIREIRA SERAFIM LTDA                              ,18.052.501/0001-87
480,MAERSK BRASIL BRASMAR LTDA                           ,30.259.220/0002-86
481,MAGAZINE LUIZA S/A                                   ,47.960.950/0761-01
482,MAGNA PRAIA HOTEL                                    ,02.333.096/0001-35
483,MAGNO E FILHOS LTDA                                  ,12.224.867/0001-00
484,MAGNUM DISTRIBUIDORA DE PNEUS S/A                    ,19.403.406/0015-49
485,MAINPLAST DESCARTAVEIS LTDA                          ,04.684.282/0001-44
486,MANOEL FERREIRA DE ARAUJO ACESSORIOS                 ,07.002.995/0001-79
487,MARACAIPE ADMINISTRACAO E PARTICIPACOES LTDA         ,10.488.959/0001-71
488,"MARBE EMPREENDIMENTOS, COM. E INDUSTRIA              ",22.644.571/0001-00
489,MARCAL AUTO PECAS LTDA                               ,09.947.334/0001-41
490,MARCELO ANTONIO DA SILVA TAMANDARE                   ,28.248.561/0001-23
491,MARCELO DO NASCIMENTO ALVES                          ,35.766.032/0001-87
492,MARCIA TELMA DE MENDONCA PEIXOTO 81565259491         ,45.231.686/0001-60
493,MARCIANO FARIAS DE FIGUEIREDO                        ,06.871.358/0001-76
494,MARCIO N CATAO SERVICOS DE ARQUITETURA E URBANISMO   ,28.748.999/0001-70
495,MARCIO PEREIRA DOS SANTOS ME                         ,19.587.829/0001-60
496,MARCO SUEL XIMENES FARIAS                            ,25.241.710/0001-34
497,MARCOS ANTONIO MARCELINO DA SILVA 02723002411        ,21.942.423/0001-09
498,MARCOS DE OLIVEIRA VESTUARIO                         ,08.718.286/0001-57
499,MARIA DAS GRAÇAS AMARANTE                            ,19.655.666/0001-06
500,MARIA DAS GRACAS SALES DA SILVA                      ,11.162.958/0001-03
501,MARIA DE LOURDES FRANCELINO DA SILVA ME              ,07.862.633/0001-58
502,MARIA ELMA DA COSTA SILVA 07143644447                ,19.088.701/0001-52
503,MARIA LAISSA MARTINS DE ABREU 05415976396            ,33.925.922/0001-69
504,MARIAH COMERCIO DE COMBUSTIVEIS LTDA                 ,24.031.104/0001-21
505,MARQUIIP COM. E REP. LTDA                            ,05.543.524/0001-42
506,MARTA BETANIA BEZERRA FIGUEREDO                      ,04.444.983/0001-06
507,MASTERPLASTIC IND E COM DE PROD PLASTICOS LTDA-ME    ,07.764.386/0001-57
508,MATHEUS COUTINHO LEMOS RODRIGUES SANTIA              ,52.543.191/0001-31
509,MAX DISTRIBUIDORA COMERCIAL LTDA                     ,36.534.541/0001-47
510,MD DIESEL MANUTENCAO ELETRICA LTDA                   ,56.906.315/0001-57
511,MDI SERVICOS COMBINADOS DE ADMINISTRACAO LTDA        ,33.028.336/0001-11
512,MEDEIROS MATERIAIS DE CONSTRUÇÃO LTDA                ,05.557.910/0001-93
513,MEDWORK MEDICINA DO TRABALHO                         ,70.119.219/0001-90
514,MEGA COMERCIO DE ELETR E INF EIRELI-ME               ,18.758.907/0002-60
515,MELKO TRANSPORTES                                    ,20.079.685/0001-10
516,"MELLO, PIMENTEL, BLANC E FRANCA ADVOCACIA            ",17.375.812/0001-14
517,MENEZES & MENEZES S/S LTDA                           ,02.934.940/0001-83
518,MERC. E DEPOSITO DO TIAO                             ,41.116.997/0001-27
519,MERCADINHO DUBAIRRO LTDA                             ,35.188.839/0001-80
520,MERCADINHO SÃO PAULO                                 ,24.104.960/0001-60
521,MERCADINHO VIDA NOVA                                 ,08.512.560/0001-37
522,MERCADO NOVO GEISEL COMERCIO DE ALIMENTOS LTDA       ,37.898.118/0001-99
523,MILENA DANIELLE DE CARVALHO PEREIRA LIMA             ,44.117.465/0001-00
524,MINISTERIO DA FAZENDA                                ,00.394.460/0001-41
525,MMA COMERCIO DE PRODUTOS DESCARTAVEIS LTDA           ,07.337.101/0001-00
526,MOISES MEDEIROS DE MOURA BORRACHARIA                 ,49.573.016/0001-82
527,MONEY PLUS SOCIEDADE DE CREDITO AO MICROEMPREENDED   ,11.581.339/0001-45
528,MOREIRA SERVICOS DE REBOQUE EIRELI                   ,13.569.830/0001-86
529,MORELATE DISTRIBUIDORA DE AUTO PECAS LTDA            ,04.125.812/0006-29
530,MOSSORO COMERCIAL DE COMBUSTIVEIS DOMINGOS LTDA      ,39.941.478/0001-51
531,MOURA SERVIÇOS HOTELEIROS EIRELI                     ,24.341.931/0001-11
532,MOURA TACOGRAFOS E SERVICOS LTDA                     ,02.606.966/0001-00
533,MOVEIS E EQUIPAMENTOS CASCALHEIRA LTDA               ,39.529.315/0001-66
534,MR TRANSPORTE E LOGISTICA                            ,10.657.323/0001-06
535,MRF COMERCIO DE ALIMENTOS LTDA                       ,47.358.323/0001-15
536,MS BUSINESS CORRETORA DE SEGURO LTDA                 ,21.753.010/0001-78
537,MS DIX CORRETORA DE SEGUROS LTDA                     ,30.586.118/0001-04
538,MSC MEDITERRANEAN SHIPPING DO BRASIL LTDA            ,02.378.779/0001-09
539,MULTCELL TELEFONIA SUL LTDA                          ,07.578.429/0002-90
540,MUNDO DAS TINTAS LTDA                                ,09.352.477/0001-00
541,MUNICIPIO DO CABO DE SANTO AGOSTINHO                 ,11.294.402/0001-62
542,N A & CIA LTDA                                       ,01.659.958/0001-51
543,N. CLAUDINO E CIA LTDA- CABEDELO LOJA A              ,08.995.631/0052-40
544,NAKRAM INDUSTRIA E COMERCIO LTDA                     ,57.467.052/0001-90
545,NAPOLEANA DA SILVA HONORIO 08942863744               ,15.051.767/0001-17
546,NATIVA MAQUINAS E IMPLEMENTOS LTDA                   ,08.274.520/0001-02
547,NEGOCIAL FACTORING FOMENTO COMERCIAL LTDA            ,35.615.269/0001-67
548,NEUS TECNOLOGIA DA INFORMACAO LTDA                   ,04.815.773/0001-87
549,NEW CONSULTORIA EM GESTAO EMPRESARIAL LTDA           ,40.547.668/0001-78
550,NILSON CABRAL DO NASCIMENTO                          ,05.545.834/0001-04
551,NJ PECAS E ACESS.NSA APARECIDA                       ,05.287.153/0001-85
552,NOBREGA REPRESENTACAO COMERCIAL LTDA                 ,72.251.812/0001-10
553,NOMA DO BRASIL SOCIEDADE ANONIMA                     ,79.131.918/0001-20
554,NORAL - NORDESTE ALUMINIO LTDA                       ,05.651.892/0001-04
555,NORDESTE BALANÇAS COM SERVIÇOS LTDA                  ,13.427.076/0001-40
556,NORDESTE EPI COMERCIO DE EQUIPAMENTOS INDUSTRIAIS    ,02.771.487/0001-31
557,NORDESTE VISTORIAS PROVEL LTDA                       ,27.609.707/0001-56
558,NORDIFE MATERIAIS ELETRICOS LTDA                     ,35.589.365/0004-20
559,NORTEC FABRICAÇÃO DE EMBALAGENS PLASTICAS LTDA       ,06.106.552/0001-65
560,NORVIDRO                                             ,09.864.638/0001-45
561,NOVA GERAÇÃO TRANSPORTES LTDA - ME                   ,11.969.917/0001-15
562,NOVO MUNDO CAMINHOES E EQUIPAMENTOS RODOVIARIOS LT   ,11.840.303/0001-39
563,NOVO NORDESTE COMERCIO DE MATERIAIS DE CONSTRUCAO    ,10.758.937/0004-27
564,NOVO NORDESTE COMERCIO DE MATERIAIS DE CONSTRUCAO    ,10.758.937/0001-84
565,NSG COMERCIO DE PURIFICADORES AGUA E REFRIGERACAO    ,12.441.326/0001-33
566,NUCLEO DE INFORMACAO E COORDENACAO DO PONTO BR - N   ,05.506.560/0001-36
567,O BORRACHAO                                          ,08.958.674/0001-05
568,O CASCALHAO MATERIAL DE CONSTRUCAO LTDA              ,39.495.695/0001-65
569,O PRIMO LOGISTICA EIRELI                             ,21.557.195/0001-45
570,O QUE TEM DE BOM CONSULTORIA E MARKETING LTDA        ,24.515.141/0001-05
571,OCEANAIR LINHAS AEREAS S.A.                          ,02.575.829/0062-60
572,ODONTOPREV S.A.                                      ,58.119.199/0001-51
573,OFFICINA MOVEIS PLANEJADOS EIRELI                    ,10.791.383/0001-17
574,OI MÓVEL SA                                          ,05.423.963/0001-11
575,OI S.A. - EM RECUPERACAO JUDICIAL                    ,76.535.764/0019-72
576,OLIVEIRA COM MAT ELETRICOS E DE CONTRUÇÃO            ,19.334.181/0001-10
577,OLIVEIRA G9 LTDA                                     ,14.666.012/0002-45
578,OLIVER COMERCIO E REPRESENTACOES LTDA                ,04.299.682/0001-36
579,OPEN CAGE PRODUCOES E TREINAMENTOS LTDA              ,44.695.602/0001-86
580,OPERADOR NACIONAL DO SISTEMA DE REGISTRO ELETRONIC   ,37.318.313/0001-00
581,ORB TRANS SERVIÇOS ADUANEIROS E LOGISTICA LTDA       ,01.276.938/0001-00
582,ORION S.A.                                           ,61.082.863/0001-40
583,OSS HOLDING E ADMINISTRACAO DE BENS PROPRIOS LTDA    ,55.872.334/0001-47
584,OUTROS                                               ,00.000.000/0000-00
585,P A COMERCIO E SERVICO DE VEICULOS LTDA              ,34.774.114/0001-00
586,PADARIA E PANIFICADORA AFLORECER                     ,15.525.894/0001-00
587,PAGAR.ME PAGAMENTOS S.A.                             ,18.727.053/0001-74
588,PAGHIPER INSTITUICAO DE PAGAMENTO LTDA.              ,20.110.153/0001-07
589,PALMA PARAFUSOS E FERRAMENTAS LTDA                   ,09.026.535/0002-97
590,PANIFICADORA INTERPAO LTDA                           ,08.971.241/0001-90
591,PAPAIZ UDINESE METAIS INDUST E COM LTDA              ,61.553.301/0001-37
592,PAPEL PRESENTES COMERCIO LTDA - ME                   ,04.812.106/0001-40
593,PAPEL RARO SERVICOS PERSONALIZADOS LTDA              ,19.324.718/0001-61
594,PARAÍBA GALPÕES PRE-MOLDADOS LTDA ME                 ,17.440.465/0001-66
595,PARAIBA REFEICOES                                    ,03.308.701/0001-80
596,PARANA ELETRODIESEL LTDA                             ,17.434.268/0001-34
597,PARCELA EXPRESS SERVICOS DIGITAIS S.A.               ,32.602.300/0001-37
598,PARDO SERVICOS IMOBILIARIOS E ADMINISTRACAO HOTELE   ,30.050.246/0001-39
599,PARTUM CONFECCAO DE ROUPAS PROFISSIONAIS LTDA        ,24.444.128/0001-02
600,PAULI MAIA PAO DELICIA LTDA                          ,47.360.216/0002-02
601,PAULO BAYER RIO CLARO - ME                           ,02.969.176/0001-81
602,PERFAL - PERFIS FERRO E ACO LTDA - ME                ,08.672.377/0001-07
603,PERFIMAX ALUMINIO E ACESSORIOS LTDA                  ,14.554.667/0001-40
604,PERNAMBUCO TRIBUNAL DE JUSTICA                       ,11.431.327/0001-34
605,PESQUEIRA COMBUSTIVEL LTDA                           ,10.530.701/0001-96
606,PETMIX COMERCIO DE PRODUTOS AGROPECUARIOS LTDA       ,52.549.340/0001-70
607,PETRO CABO LTDA                                      ,05.097.635/0001-72
608,PETROFLEX COMBUSTIVEIS DO NORDESTE LTDA              ,27.488.738/0001-04
609,PETROFLEX COMBUSTIVEIS DO NORDESTE LTDA              ,27.488.738/0002-87
610,PETROSTAR COMBUSTIVEIS LTDA                          ,29.736.901/0001-28
611,PIMENTEL & ROCHA LTDA                                ,08.984.332/0001-60
612,PIRAJU LOCACAO DE EQUIPAMENTOS E CONSTRUCOES LTDA    ,02.527.674/0001-74
613,PIZZARIA DOM RAFAEL EIRELI - ME                      ,21.345.505/0001-68
614,PL COMERCIO DE MATERIAL ELETRICO LTDA                ,05.372.547/0001-31
615,PLACIDO COZINHA & CIA LTDA - EPP                     ,24.336.422/0001-09
616,PLANTAO TAXI LTDA                                    ,02.489.032/0001-28
617,PLASTFORT IND COM DE PLASTICOS LTDA                  ,07.796.243/0001-27
618,PLATANO CERTIFICACAO DIGITAL LTDA                    ,31.057.526/0001-31
619,PNEUBRAS COMERCIO DE PNEUS LTDA                      ,08.678.386/0011-79
620,PNEUBRAS COMERCIO DE PNEUS LTDA                      ,08.678.386/0040-03
621,PNEUBRAS COMERCIO DE PNEUS LTDA                      ,08.678.386/0051-66
622,POLICIA FEDERAL                                      ,00.394.494/0003-06
623,PORTCO TRANSPORTES INTERNACIONAIS LTDA.              ,25.232.115/0001-32
624,PORTO SEGURO                                         ,61.198.164/0001-60
625,POSTO 4 RODAS EIRELI                                 ,02.991.589/0001-62
626,POSTO ALBATEX LTDA                                   ,05.557.705/0001-28
627,POSTO BEIRADEIRO EIRELI                              ,06.011.026/0001-11
628,POSTO BENTO VELHO LTDA                               ,03.676.361/0001-40
629,POSTO BRASIL LTDA                                    ,06.560.585/0001-80
630,POSTO JR FAISAO V LTDA                               ,27.134.718/0001-27
631,POSTO MARIANA COMERCIO DE COMBUSTIVEIS LTDA          ,31.124.194/0001-60
632,POSTO PATAO LTDA                                     ,18.171.363/0001-55
633,POSTO PORTO BRASIL LTDA                              ,38.363.831/0001-09
634,POSTO QUARTO DE MILHA LTDA                           ,04.077.577/0007-48
635,POSTO SANTA CRUZ COMERCIO DE COMBUSTIVEIS E LUBRIF   ,14.889.637/0001-95
636,POSTO SANTA LUCIA LTDA.                              ,10.374.518/0001-49
637,POSTO SÃO LUIS IV                                    ,70.098.470/0004-68
638,POSTO SERTAO LTDA                                    ,15.639.773/0001-90
639,POSTO SUL LTDA                                       ,09.456.974/0002-30
640,PREFEITURA DE JABOATÃO DOS GUARARAPES                ,10.377.679/0001-96
641,PREFEITURA DO CABO DE SANTO AGOSTINHO                ,11.294.402/0001-62
642,PREFEITURA MUNICIPAL DE CABEDELO                     ,09.012.493/0001-54
643,PREFEITURA MUNICIPAL DE JOÃO PESSOA PB               ,08.806.721/0001-03
644,PRESENTES E UTILIDADES LTDA                          ,06.194.031/0004-50
645,PRIMER ESTAMPARIA E COMERCIO DE CONFECCAO LTDA       ,37.676.116/0001-55
646,PROJECTA MATERIAL DE CONSTRUCAO LTDA                 ,12.681.144/0001-30
647,"PROMAC VEICULOS, MAQ ACESS                           ",09.093.444/0001-93
648,PROTTEGE COM E SERVIÇOS LTDA                         ,13.714.405/0001-33
649,PROTTSEG SERVIÇOS SEGURANÇA PATRIMONIAL EIRELI       ,22.578.311/0001-75
650,Q DISTRIBUIDORA DE ESQUADRIAS E MANGUEIRAS DO NE L   ,45.384.847/0001-55
651,QATAR AIRWAYS GROUP                                  ,08.734.301/0001-50
652,Q-PEÇAS E SERVIÇOS LTDA                              ,05.618.379/0001-11
653,QUALITARE AGENCIA DE INTERNET LTDA                   ,08.512.470/0001-46
654,QUALITECH COM. E SERVICOS DE INFORMATICA LTDA        ,02.674.088/0001-52
655,QUALITY IND DE ESQUAD E MANGUEIR DO NE UNIPES LTDA   ,09.508.322/0002-00
656,QUALITY INDUSTRIA DE ESQUADRIAS E MANGUEIRAS DO NO   ,09.508.322/0001-10
657,QUALYVIDA SERVICOS MEDICOS LTDA                      ,11.278.522/0001-76
658,R & C TRANSPORTES EIRELI                             ,07.201.297/0001-00
659,R L C COMBUSTIVEIS - EIRELI                          ,22.200.772/0001-00
660,R. A. INACIO COMBUSTIVEIS LTDA                       ,05.327.391/0001-77
661,R. J. FACTORING FOMENTO MERCANTIL LTDA               ,03.021.628/0001-61
662,RABI AUTO POSTO LTDA                                 ,35.479.707/0001-07
663,RADICAL BRASIL EXPRESS LTDA                          ,55.997.300/0001-89
664,RANUR LOGISTICS LTDA                                 ,26.456.169/0001-44
665,RAPIDO FIGUEIREDO TRANSPORTES EIRELI ME              ,07.855.774/0001-43
666,RAPLOG TRANSPORTES LTDA                              ,39.852.873/0001-68
667,RAQUELLY NICIA SANTOS FERREIRA                       ,26.194.638/0001-02
668,RARA CONSTRUCOES E PROJETOS LTDA                     ,28.423.272/0001-13
669,REBECA CARVALHO DE FARIAS - IMOBILIARIA ME           ,24.121.334/0001-81
670,REBOQUE SÃO JOSE                                     ,13.210.602/0001-15
671,RECEITA FEDERAL                                      ,00.000.000/0000-00
672,RECICLAR GERENCIAMENTO DE RESIDUOS E SUCATAS EIREL   ,10.246.697/0001-39
673,REDE DE POSTOS MARAJO CARIRI 2 LTDA                  ,29.764.547/0001-45
674,REDE HG COMBUSTIVEIS LTDA.                           ,13.569.064/0033-37
675,REDE JG POJUCA COMERCIO DE COMBUSTIVEIS E LUBRIFIC   ,41.995.510/0001-23
676,REDIESEL RECIFE AUTODIESEL LTDA                      ,35.512.722/0001-00
677,REFORMA RAPIDA COMERCIO LTDA                         ,43.449.469/0001-15
678,RENOVADORA KM SERVICOS LTDA                          ,02.311.240/0001-32
679,RENTAL PROJECTA SERV. E LOCAÇÕES LTDA                ,03.313.948/0001-95
680,REYLE INDUSTRIA E COMERCIO DE CORREIAS LTDA          ,50.189.240/0001-54
681,RG LOG LOGISTICA E TRANSPORTE LTDA                   ,10.213.051/0009-02
682,RH COMERCIO ATACADISTA DE COMPONENTES INDUSTRIAIS    ,33.171.452/0001-95
683,RICARDO CORREIA DE MIRANDA HENRIQUES SOBRINHO 0879   ,26.581.803/0001-70
684,RIO GRANDE COMERCIO DE CARNES LTDA                   ,07.555.950/0029-22
685,RIOJA COMERCIO DE PETROLEO LTDA                      ,04.556.651/0001-13
686,RMA TRUCK OFICINA MECANICA LTDA                      ,30.517.642/0001-23
687,ROBERTA MIKAELLY NASCIMENTO SOARES                   ,26.343.402/0001-82
688,ROCHA MADEIRAS E FERRAGENS IND E C                   ,08.958.622/0001-39
689,RODOAP CALDEIRARIA INDUSTRIAL LTDA                   ,13.952.432/0002-25
690,RODOAP CALDEIRARIA INDUSTRIAL LTDA                   ,13.952.432/0001-44
691,RODOLACER COMERCIO DE PECAS LTDA                     ,32.743.374/0001-93
692,RODOLACER IMPLEMESNTOS                               ,07.489.808/0001-23
693,"RODOPARAIBA, INDUSTRIA COMERCIO E SERVICO DE IMPLE   ",03.036.659/0001-96
694,"RODRIGUES, ALBUQUERQUE & CIA LTDA                    ",41.223.835/0001-98
695,ROGERIO COUTINHO LEMOS                               ,11.951.073/0001-85
696,ROLETES BRASIL COMERCIAL LTDA ME                     ,18.202.017/0001-97
697,ROLIM & ROLIM LTDA.                                  ,09.420.750/0002-78
698,ROTA DERIVADOS DE PETROLEO LTDA                      ,21.511.490/0001-60
699,RR PEÇAS E SERVIÇOS LTDA                             ,03.705.298/0001-23
700,"RUIZ E RUIZ - INDUSTRIA, COMERCIO E SERVICOS DE RE   ",11.162.834/0001-10
701,S AMORA ASSESSORIA EM COMERCIO EXTERIOR EIRELI       ,22.534.147/0001-02
702,S B COMERCIO DE PETROLEO LTDA                        ,10.887.086/0001-70
703,S. PRIME ACADEMIA DE GINASTICA LTDA                  ,35.491.900/0001-63
704,SAFE2PAY INSTITUICAO DE PAGAMENTO LTDA               ,31.037.942/0001-78
705,SALVADOR SEG MEDICINA DO TRABALHO LTDA               ,21.188.238/0001-62
706,SÃO JOSÉ OPERARIO COMERCIO VAREJISTA LTDA            ,23.764.931/0001-61
707,SARA SULENIA LOURENCO MARCELINO 07664031494          ,31.559.449/0001-18
708,SASCAR TECNOLOGIA E SEGURANÇA AUTOMOTIVA S/A         ,03.112.879/0001-51
709,SBJP RESTAURANTE DE CARNES NOBRES LTDA               ,30.985.917/0001-53
710,SCAN GLOBAL LOGISTICS DO BRASIL LTDA                 ,18.829.864/0001-86
711,SEALWAY COMERCIO E IMPORTACAO DE VEDACAO LTDA        ,20.403.146/0001-95
712,SECRETARIA DA FAZENDA - SEFAZ - CEARÁ                ,07.954.597/0001-52
713,SECRETARIA DA FAZENDA SEFAZ RIO GRANDE DO NORTE      ,08.427.312/0001-98
714,SECRETARIA DE ESTADO DA RECEITA SEFAZ PARAIBA        ,08.761.132/0001-48
715,SEFAZ - SECRETARIA DA FAZENDA DE PERNAMBUCO          ,10.572.014/0001-33
716,SEGLIMPO LTDA                                        ,41.069.763/0001-76
717,SEGNORTE COMERCIO DE EQUIPAMENTOS DE PROTECAO E FE   ,09.554.524/0001-07
718,SEGURA COMERCIO DE EQUIP.DE PROTECAO LTDA            ,13.326.462/0001-45
719,SELECT TRAVEL VIAGENS E EVENTOS EIRELI               ,26.193.031/0001-08
720,SEM PARAR INSTITUICAO DE PAGAMENTO LTDA              ,04.088.208/0001-65
721,SENTINELA COMERCIO DE BATERIAS LTDA                  ,29.318.063/0001-72
722,SEP SERVICO ESPECIAL POSTAL LTDA - ME                ,41.153.495/0001-76
723,SERASA S/A                                           ,62.173.620/0017-47
724,SERGIO ARRUDA 93540280804                            ,32.923.756/0001-07
725,SERV DE APOIO AS MICRO E PEQ EMP DA PARAIBA SEBRAE   ,09.139.551/0001-05
726,SERVICO NOTARIAL E REGISTRAL                         ,09.369.794/0001-30
727,SERVICOS CONTRA INCENDIO LTDA                        ,02.604.394/0001-12
728,SETIMO TABELIONATO DE NOTAS DE JOAO PESSOA           ,43.557.851/0001-42
729,SHOW PRESTADORA DE SERV.DO BRASIL LTDA               ,09.338.999/0001-58
730,SIND DAS EMP DE TRANSP DE PASSAG DO EST DE PERNAMB   ,09.759.606/0001-80
731,SINDICATO DAS EMPRESAS DE TRANSP.COL.URB.DE PASSAG   ,70.116.132/0001-69
732,SINDICATO DOS DESPACHANTES ADUANEIROS DO ESTADO DE   ,10.880.151/0001-35
733,SINDICATO DOS EMPREGADOS NO COMERCIO DE JOÃO PESSO   ,09.141.532/0001-13
734,SINDICATO DOS LOJISTA DO COMERCIO DE JOAO PESSOA     ,08.696.502/0001-00
735,SINDICATO DOS MOTORISTAS DA PB                       ,09.237.660/0001-65
736,SINDICATO DOS TRANSPORTADORES AUT CARGAS EST PB      ,11.144.521/0001-39
737,SINDICATO EMPREGADOS COM. JABOATAO DOS GUARARAPES    ,40.813.628/0001-20
738,SIRIUS ENERGIA RENOVAVEL LTDA                        ,35.765.147/0001-57
739,SO BATERIAS COMERCIO VAREJISTA E SERVICOS LTDA       ,25.246.079/0001-66
740,SOLIS ENGENHARIA E CONSULTORIA LTDA                  ,15.004.711/0001-01
741,SOLNORDESTE TRANSP. LOG. DIST.                       ,08.759.512/0001-48
742,SOLUCOES EM SOFTWARE E SERVICOS TTS LTDA             ,07.363.764/0004-33
743,SOUZA E QUEIROZ COM MADEIRAS LTDA ME                 ,15.084.712/0001-03
744,"STAUBLI COMERCIO, IMP., EXP. E REPRESENTACOES LTDA   ",01.170.691/0001-34
745,STILL COLOR P                                        ,60.709.128/0001-50
746,STUDIO OPERACIONAL LTDA.                             ,23.448.109/0001-91
747,SUATA-SERVIÇO UNIF.DE ARMAZENAGEM E T.ALFANDEGA      ,03.928.105/0001-01
748,SUL AMERICA COMPANHIA DE SEGURO SAUDE                ,01.685.053/0001-56
749,SUL AMERICA COMPANHIA NACIONAL DE SEGUROS            ,33.041.062/0001-09
750,SULOG - SUAPE LOGISTICA S/A                          ,11.166.491/0001-61
751,SUPERIOR TRIBUNAL DE JUSTICA                         ,00.488.478/0001-02
752,SUPREMO TRIBUNAL FEDERAL                             ,00.531.640/0001-28
753,TAM LINHAS AERAS SA                                  ,02.012.862/0069-58
754,TC MATERIAIS DE CONSTR LTDA                          ,24.118.739/0001-60
755,TCP - TERMINAL DE CONTEINERES DE PARANAGUA S/A       ,12.919.786/0001-24
756,TECFAG COM.E IMP.DE MAQUINAS LTDA                    ,14.050.364/0001-90
757,TECNICA IMPLEMENTOS RODOVIARIOS LTDA                 ,03.724.415/0001-04
758,TECON SALVADOR S/A                                   ,03.642.342/0001-01
759,TECON SUAPE S.A.                                     ,04.471.564/0001-63
760,TELEMAR NORTE LESTE S/A                              ,33.000.118/0012-21
761,TERMACO TRANSPORTES S.A.                             ,21.421.240/0001-30
762,TEXNET INTERNET PREDIAL                              ,07.529.295/0001-37
763,THE W BEACH RESTAURANTE LTDA                         ,49.007.053/0001-23
764,THERMO COMERCIO DE PECAS E REFRIGERACAO LTDA         ,38.444.759/0001-36
765,THIAGO FELIPE BARBOSA DA SILVA 70077787471           ,23.838.166/0001-87
766,TICKET SERVIÇOS S.A.                                 ,47.866.934/0001-74
767,TNT EXPRESS BRASIL LTDA                              ,73.475.303/0001-34
768,TOKIO MARINE SEGURADORA S.A.                         ,33.164.021/0001-00
769,TOP LINE COMERCIO DE ELETRONICOS LTDA - ME           ,16.649.034/0001-41
770,TOPVENDAS INFORMATICA SOL EM CONECT LTDA             ,17.017.788/0001-41
771,TOSCANO DE BRITO                                     ,08.271.439/0001-60
772,TOTAL PASS PARTICIPACOES LTDA                        ,27.059.627/0001-74
773,"TRADEMASTER INSTITUICAO DE PAGAMENTO, SERVICOS E P   ",19.394.639/0001-27
774,TRANS MISAN TRANSPORTE RODOVIARIO LTDA               ,05.980.381/0001-36
775,TRANS VERISSIMO TRANSPORTE                           ,15.358.980/0001-76
776,TRANSMODALL SERVICOS E LOGISTICA EIRELI              ,34.953.621/0001-01
777,TRANSPORTADORA SILVEIRA & SILVEIRA LTDA EPP          ,04.127.853/0003-01
778,TRESOR COMERCIO LTDA                                 ,06.143.837/0001-76
779,TREVENTOS COM.DE EQUIPAMENTOS DE SEG.LTDA            ,03.013.781/0001-47
780,TREVO DERIVADOS DE PETROLEO LTDA                     ,14.486.153/0003-67
781,TRIBUNAL DE JUSTIÇA DO DIST. FEDERAL E TERRITÓRIOS   ,00.531.954/0001-20
782,TURBO FREIO SERVICOS E COMERCIO AUTOMOTIVOS LTDA     ,03.424.615/0001-33
783,UNAUTO UNA AUTO PECAS LTDA                           ,11.875.770/0001-02
784,UNIDAS COMERCIO DE PECAS PESADAS E SERVICOS LTDA     ,12.457.564/0001-37
785,UNIDAS VEICULOS E SERVIÇOS LTDA                      ,02.323.033/0001-06
786,UNIQUE TRAVEL VIAGENS E TURISMOS LTDA                ,10.293.036/0001-64
787,UNITRUCK COMERCIO VAREJISTA DE PEÇAS E ACESSORIOS    ,21.988.874/0001-79
788,UNIVERSAL COMERCIO EXTERIOR LTDA                     ,07.750.285/0001-27
789,UP GIFTS PERSONALIZADOS LTDA                         ,46.230.617/0001-02
790,UP LOGISTIC REPRESENTACOES EIRELI - ME               ,23.547.277/0001-34
791,UPS DO BRASIL REMESSAS EXPRESSAS LTDA                ,74.155.052/0001-73
792,VAGNER LISBOA DA SILVA 11436106443                   ,32.963.057/0001-82
793,VALCELIO FERREIRA DA SILVA                           ,05.003.357/0001-47
794,VALCONI & SANTOS COMERCIO E SERVICO LTDA             ,04.337.421/0001-63
795,VALDECI DIESEL COMERCIO VAREJISTA DE PECAS E SERVI   ,13.729.878/0001-04
796,VB-SERVICOS COMERCIO E ADMINISTRACAO LTDA            ,00.288.916/0010-80
797,VECTOR FUNDO DE INVESTIMENTO EM DIREITOS CREDITORI   ,19.187.295/0001-85
798,VENDE TUDO ESCRITORIO LTDA                           ,13.888.108/0001-04
799,VENEZA DIESEL COMERCIO LTDA                          ,00.306.218/0001-79
800,VERDEGREEN                                           ,04.566.342/0002-05
801,VIA BRASIL COMERCIO DE ARTIGOS DE DECORACOES LTDA    ,10.905.249/0001-08
802,VIA ON LINE CONSULTAS LTDA                           ,11.757.522/0001-59
803,VIA VAREJO S/A                                       ,33.041.260/0652-90
804,VIAÇÃO NORDESTE LTDA                                 ,08.324.808/0001-36
805,VIDRAÇARIA V FORTE ME                                ,08.389.795/0001-83
806,VILA BELA COMERCIO DE COMBUSTIVEL LTDA               ,07.105.859/0001-04
807,VILA DE GOIANA COMERCIO DE COMBUSTIVEIS LTDA         ,34.058.185/0002-98
808,VILA JARDIM COMERCIO DE COMBUSTIVEL LTDA             ,10.725.669/0001-02
809,VILKAREN OLIVEIRA SOUZA 04653338345                  ,39.389.271/0001-16
810,VITRIUM IND COM DE VIDROS LTDA                       ,03.317.169/0001-68
811,VIVO TELEFONICA BRASIL SA                            ,02.558.157/0001-62
812,VLADMIR DE MATOS LEITÃO - ME                         ,17.018.554/0001-19
813,VOGEL SOLUCOES EM TELECOMUNICACOES E INFORMATICA S   ,05.872.814/0007-25
814,VOLVO DO BRASIL VEICULOS LTDA                        ,43.999.424/0001-14
815,VS ACESSORIOS COMERCIO E SERVICOS LTDA               ,39.857.700/0001-32
816,WALBER MENEZES TAVARES                               ,01.173.591/0001-61
817,WELLINTON POLATO BAYER -EPP                          ,13.373.628/0001-84
818,WESLEY GOMES DA SILVA                                ,17.197.077/0001-04
819,WILSON SONS LOGISTICA LTDA                           ,03.852.972/0001-00
820,WINDROSE-SERVICOS MARITIMOS E REPRESENTACOES LTDA    ,10.646.750/0005-12
821,WMS SUPERMERCADOS DO BRASIL LTDA.                    ,93.209.765/0500-50
822,WURTH DO BRASIL PEÇAS DE FIXAÇAO LTDA                ,43.648.971/0031-70
823,X TEC COMERCIO E SERVIÇOS LTDA                       ,05.319.191/0001-72
824,YAPAY PAGAMENTOS ONLINE LTDA                         ,14.338.304/0001-78
825,YOLANDA LOGISTICA ARMAZEM TRANSP.SERV.GER.LTDA       ,01.994.008/0001-83
826,ZE DAS FRUTAS COMERCIO VAREJISTA LTDA                ,23.328.193/0001-00
827,ZIP GRAFICA E FACHADAS EIRELI                        ,32.182.702/0001-20
828,ZUILTON & CARDOZO COMERCIO DE COMBUSTIVEIS LTDA      ,10.854.336/0001-75
829,ZURICH MINAS BRASIL SEGUROS S.A.                     ,17.197.385/0001-21
